{
  "f1": 0.6666666666666666,
  "precision": 0.7272727272727273,
  "recall": 0.6153846153846154,
  "roc_auc": 0.9699110413396127
}